{"James":{"name":"James","dob":"2007-01-23","height":1.5,"weight":70.0,"datetime":1708448854660,"entry":[{"datetime":1708448901655,"height":1.5,"weight":90.0,"bmi":40.0},{"datetime":1708448897704,"height":1.5,"weight":80.0,"bmi":35.5555555556},{"datetime":1708448854660,"height":1.5,"weight":70.0,"bmi":31.1111111111}]}}